<?xml version="1.0" encoding="UTF-8"?>
<root>
    <ABWR>
        <burnup>46.4</burnup>
        <class>ABWR</class>
        <electrical_capacity>1645</electrical_capacity>
        <enrichment>0.036</enrichment>
        <first_load>128.0</first_load>
        <kpd>0.3655</kpd>
        <life_time>60</life_time>
        <termal_capacity>4500</termal_capacity>
    </ABWR>
    <AP1000>
        <burnup>43.2</burnup>
        <class>AP1000</class>
        <electrical_capacity>1158</electrical_capacity>
        <enrichment>0.048</enrichment>
        <first_load>93.65</first_load>
        <kpd>0.339</kpd>
        <life_time>60</life_time>
        <termal_capacity>3415</termal_capacity>
    </AP1000>
    <BN>
        <burnup>140</burnup>
        <class>BN</class>
        <electrical_capacity>1220</electrical_capacity>
        <enrichment>0.21</enrichment>
        <first_load>50.4</first_load>
        <kpd>42.05</kpd>
        <life_time>60</life_time>
        <termal_capacity>2800</termal_capacity>
    </BN>
    <BWR>
        <burnup>45</burnup>
        <class>BWR</class>
        <electrical_capacity>1252</electrical_capacity>
        <enrichment>0.041</enrichment>
        <first_load>128.0</first_load>
        <kpd>0.343</kpd>
        <life_time>60</life_time>
        <termal_capacity>3572</termal_capacity>
    </BWR>
    <CANDU>
        <burnup>8</burnup>
        <class>CANDU</class>
        <electrical_capacity>742</electrical_capacity>
        <enrichment>0.0071</enrichment>
        <first_load>38.9</first_load>
        <kpd>0.3</kpd>
        <life_time>60</life_time>
        <termal_capacity>2343</termal_capacity>
    </CANDU>
    <CPR_1000>
        <burnup>52.0</burnup>
        <class>CPR-1000</class>
        <electrical_capacity>1021</electrical_capacity>
        <enrichment>0.045</enrichment>
        <first_load>77.0</first_load>
        <kpd>35.1</kpd>
        <life_time>40</life_time>
        <termal_capacity>2900</termal_capacity>
    </CPR_1000>
    <EPR>
        <burnup>36.1</burnup>
        <class>EPR</class>
        <electrical_capacity>1404.5</electrical_capacity>
        <enrichment>0.032</enrichment>
        <first_load>140.66</first_load>
        <kpd>0.3515</kpd>
        <life_time>60</life_time>
        <termal_capacity>3992</termal_capacity>
    </EPR>
    <KLT_40>
        <burnup>42</burnup>
        <class>KLT-40</class>
        <electrical_capacity>32</electrical_capacity>
        <enrichment>0.16</enrichment>
        <first_load>0.007</first_load>
        <kpd>0.3</kpd>
        <life_time>36</life_time>
        <termal_capacity>150</termal_capacity>
    </KLT_40>
    <MAGNOX>
        <burnup>4.5</burnup>
        <class>MAGNOX</class>
        <electrical_capacity>184</electrical_capacity>
        <enrichment>0.01</enrichment>
        <first_load>120</first_load>
        <kpd>0.23</kpd>
        <life_time>60</life_time>
        <termal_capacity>728</termal_capacity>
    </MAGNOX>
    <MKER>
        <burnup>30</burnup>
        <class>MKER</class>
        <electrical_capacity>1500</electrical_capacity>
        <enrichment>0.024</enrichment>
        <first_load>192</first_load>
        <kpd>0.352</kpd>
        <life_time>50</life_time>
        <termal_capacity>4250</termal_capacity>
    </MKER>
    <PHWR>
        <burnup>8</burnup>
        <class>PHWR</class>
        <electrical_capacity>742</electrical_capacity>
        <enrichment>0.0071</enrichment>
        <first_load>38.9</first_load>
        <kpd>0.3</kpd>
        <life_time>60</life_time>
        <termal_capacity>2343</termal_capacity>
    </PHWR>
    <PWR>
        <burnup>42.0</burnup>
        <class>PWR</class>
        <electrical_capacity>1150</electrical_capacity>
        <enrichment>0.045</enrichment>
        <first_load>74.0</first_load>
        <kpd>34.0</kpd>
        <life_time>50</life_time>
        <termal_capacity>3411</termal_capacity>
    </PWR>
    <PWR_TEST>
        <burnup>40</burnup>
        <class>PWR</class>
        <electrical_capacity>1056</electrical_capacity>
        <enrichment>0.044</enrichment>
        <first_load>79.84</first_load>
        <kpd>0.33</kpd>
        <life_time>60</life_time>
        <termal_capacity>3200</termal_capacity>
    </PWR_TEST>
    <RBMK>
        <burnup>25</burnup>
        <class>RBMK</class>
        <electrical_capacity>1000</electrical_capacity>
        <enrichment>0.027</enrichment>
        <first_load>192</first_load>
        <kpd>0.3125</kpd>
        <life_time>40</life_time>
        <termal_capacity>3200</termal_capacity>
    </RBMK>
    <VVER_1000>
        <burnup>40</burnup>
        <class>VVER-1200</class>
        <electrical_capacity>1056</electrical_capacity>
        <enrichment>0.0385</enrichment>
        <first_load>79.84</first_load>
        <kpd>0.33</kpd>
        <life_time>60</life_time>
        <termal_capacity>3200</termal_capacity>
    </VVER_1000>
</root>